<?xml version="1.0"?>
<ivysettings >
  <settings defaultResolver="maven" />
  <resolvers>
    <chain name="maven" returnFirst="true">
      <ibiblio name="central" m2compatible="true"/>
      <ibiblio name="tools.gbif.org" m2compatible="true" root="http://tools.gbif.org/maven/repository/" />
      <packager name="roundup" buildRoot="${env.JOSHUA}/lib/packager/build" resourceCache="${env.JOSHUA}/lib/cache">
        <ivy pattern="http://ivyroundup.googlecode.com/svn/trunk/repo/modules/[organisation]/[module]/[revision]/ivy.xml"/>
        <artifact pattern="http://ivyroundup.googlecode.com/svn/trunk/repo/modules/[organisation]/[module]/[revision]/packager.xml"/>
      </packager>
    </chain>
  </resolvers>
</ivysettings>
