<?xml version="1.0" encoding="UTF-8"?>
<projectDescription>
	<name>joshua_juri</name>
	<comment></comment>
	<projects>
	</projects>
	<buildSpec>
		<buildCommand>
			<name>org.eclipse.jdt.core.javabuilder</name>
			<arguments>
			</arguments>
		</buildCommand>
		<buildCommand>
			<name>org.eclipse.ui.externaltools.ExternalToolBuilder</name>
			<triggers>full,incremental,</triggers>
			<arguments>
				<dictionary>
					<key>LaunchConfigHandle</key>
					<value>&lt;project&gt;/.externalToolBuilders/Create jar.launch</value>
				</dictionary>
			</arguments>
		</buildCommand>
	</buildSpec>
	<natures>
		<nature>org.eclipse.jdt.core.javanature</nature>
	</natures>
	<variableList>
		<variable>
			<name>JOSHUA</name>
			<value>$%7BPROJECT_LOC%7D</value>
		</variable>
	</variableList>
</projectDescription>
