<?xml version="1.0" encoding="UTF-8"?>
<ivy-module version="2.0" xmlns:m="http://ant.apache.org/ivy/maven">
	<info organisation="pmd"
		module="pmd"
		revision="4.2.5"
		status="release"
		publication="20090208212428"
	>
		<description homepage="http://pmd.sourceforge.net/">
		&lt;p>PMD scans Java source code and looks for potential problems like:&lt;/p>
&lt;ul>
  &lt;li>Possible bugs - empty try/catch/finally/switch statements&lt;/li>
  &lt;li>Dead code - unused local variables, parameters and private methods&lt;/li>
  &lt;li>Suboptimal code - wasteful String/StringBuffer usage&lt;/li>
  &lt;li>Overcomplicated expressions - unnecessary if statements, for loops that could be while loops&lt;/li>
  &lt;li>Duplicate code - copied/pasted code means copied/pasted bugs&lt;/li>
&lt;/ul>
&lt;p>You can &lt;b>&lt;a href=&quot;http://sourceforge.net/project/showfiles.php?group_id=56262&quot;>download everything from here&lt;/a>&lt;/b>, and you can get an overview of all the rules at the &lt;a href=&quot;rules/index.html&quot;>rulesets index&lt;/a> page.&lt;/p>
&lt;p>PMD is &lt;a href=&quot;integrations.html&quot;>integrated&lt;/a> with JDeveloper, Eclipse, JEdit, JBuilder, BlueJ, CodeGuide, NetBeans/Sun Java Studio Enterprise/Creator, IntelliJ IDEA, TextPad, Maven, Ant, Gel, JCreator, and Emacs.&lt;/p>
		</description>
		<m:maven.plugins>null__maven-surefire-plugin__null|null__maven-compiler-plugin__null</m:maven.plugins>
	</info>
	<configurations>
		<conf name="default" visibility="public" description="runtime dependencies and master artifact can be used with this conf" extends="runtime,master"/>
		<conf name="master" visibility="public" description="contains only the artifact published by this module itself, with no transitive dependencies"/>
		<conf name="compile" visibility="public" description="this is the default scope, used if none is specified. Compile dependencies are available in all classpaths."/>
		<conf name="provided" visibility="public" description="this is much like compile, but indicates you expect the JDK or a container to provide it. It is only available on the compilation classpath, and is not transitive."/>
		<conf name="runtime" visibility="public" description="this scope indicates that the dependency is not required for compilation, but is for execution. It is in the runtime and test classpaths, but not the compile classpath." extends="compile"/>
		<conf name="test" visibility="private" description="this scope indicates that the dependency is not required for normal use of the application, and is only available for the test compilation and execution phases." extends="runtime"/>
		<conf name="system" visibility="public" description="this scope is similar to provided except that you have to provide the JAR which contains it explicitly. The artifact is always available and is not looked up in a repository."/>
		<conf name="sources" visibility="public" description="this configuration contains the source artifact of this module, if any."/>
		<conf name="javadoc" visibility="public" description="this configuration contains the javadoc artifact of this module, if any."/>
		<conf name="optional" visibility="public" description="contains all optional dependencies"/>
	</configurations>
	<publications>
		<artifact name="pmd" type="jar" ext="jar" conf="master"/>
		<artifact name="pmd" type="source" ext="jar" conf="sources" m:classifier="sources"/>
		<artifact name="pmd" type="javadoc" ext="jar" conf="javadoc" m:classifier="javadoc"/>
	</publications>
	<dependencies>
		<dependency org="ant" name="ant" rev="1.6" force="true" conf="compile->compile(*),master(*);runtime->runtime(*)"/>
		<dependency org="jaxen" name="jaxen" rev="1.1.1" force="true" conf="compile->compile(*),master(*);runtime->runtime(*)"/>
		<dependency org="asm" name="asm" rev="3.1" force="true" conf="compile->compile(*),master(*);runtime->runtime(*)"/>
		<dependency org="junit" name="junit" rev="4.4" force="true" conf="compile->compile(*),master(*);runtime->runtime(*)"/>
	</dependencies>
</ivy-module>
