<?xml version="1.0" encoding="UTF-8"?>
<ivy-module version="2.0" xmlns:m="http://ant.apache.org/ivy/maven">
	<info organisation="org.apache.hadoop"
		module="hadoop-core"
		revision="0.20.203.0"
		status="release"
		publication="20110511180152"
	>
		<description homepage="" />
	</info>
	<configurations>
		<conf name="default" visibility="public" description="runtime dependencies and master artifact can be used with this conf" extends="runtime,master"/>
		<conf name="master" visibility="public" description="contains only the artifact published by this module itself, with no transitive dependencies"/>
		<conf name="compile" visibility="public" description="this is the default scope, used if none is specified. Compile dependencies are available in all classpaths."/>
		<conf name="provided" visibility="public" description="this is much like compile, but indicates you expect the JDK or a container to provide it. It is only available on the compilation classpath, and is not transitive."/>
		<conf name="runtime" visibility="public" description="this scope indicates that the dependency is not required for compilation, but is for execution. It is in the runtime and test classpaths, but not the compile classpath." extends="compile"/>
		<conf name="test" visibility="private" description="this scope indicates that the dependency is not required for normal use of the application, and is only available for the test compilation and execution phases." extends="runtime"/>
		<conf name="system" visibility="public" description="this scope is similar to provided except that you have to provide the JAR which contains it explicitly. The artifact is always available and is not looked up in a repository."/>
		<conf name="sources" visibility="public" description="this configuration contains the source artifact of this module, if any."/>
		<conf name="javadoc" visibility="public" description="this configuration contains the javadoc artifact of this module, if any."/>
		<conf name="optional" visibility="public" description="contains all optional dependencies"/>
	</configurations>
	<publications>
		<artifact name="hadoop-core" type="jar" ext="jar" conf="master"/>
	</publications>
	<dependencies>
		<dependency org="commons-cli" name="commons-cli" rev="1.2" force="true" conf="compile->compile(*),master(*);runtime->runtime(*)"/>
		<dependency org="xmlenc" name="xmlenc" rev="0.52" force="true" conf="compile->compile(*),master(*);runtime->runtime(*)"/>
		<dependency org="commons-httpclient" name="commons-httpclient" rev="3.0.1" force="true" conf="compile->compile(*),master(*);runtime->runtime(*)"/>
		<dependency org="commons-codec" name="commons-codec" rev="1.4" force="true" conf="compile->compile(*),master(*);runtime->runtime(*)"/>
		<dependency org="org.apache.commons" name="commons-math" rev="2.1" force="true" conf="compile->compile(*),master(*);runtime->runtime(*)"/>
		<dependency org="commons-configuration" name="commons-configuration" rev="1.6" force="true" conf="compile->compile(*),master(*);runtime->runtime(*)"/>
		<dependency org="commons-net" name="commons-net" rev="1.4.1" force="true" conf="compile->compile(*),master(*);runtime->runtime(*)"/>
		<dependency org="org.mortbay.jetty" name="jetty" rev="6.1.26" force="true" conf="compile->compile(*),master(*);runtime->runtime(*)"/>
		<dependency org="org.mortbay.jetty" name="jetty-util" rev="6.1.26" force="true" conf="compile->compile(*),master(*);runtime->runtime(*)"/>
		<dependency org="tomcat" name="jasper-runtime" rev="5.5.12" force="true" conf="compile->compile(*),master(*);runtime->runtime(*)"/>
		<dependency org="tomcat" name="jasper-compiler" rev="5.5.12" force="true" conf="compile->compile(*),master(*);runtime->runtime(*)"/>
		<dependency org="org.mortbay.jetty" name="jsp-api-2.1" rev="6.1.14" force="true" conf="compile->compile(*),master(*);runtime->runtime(*)"/>
		<dependency org="org.mortbay.jetty" name="jsp-2.1" rev="6.1.14" force="true" conf="compile->compile(*),master(*);runtime->runtime(*)"/>
		<dependency org="commons-el" name="commons-el" rev="1.0" force="true" conf="compile->compile(*),master(*);runtime->runtime(*)"/>
		<dependency org="net.java.dev.jets3t" name="jets3t" rev="0.7.1" force="true" conf="compile->compile(*),master(*);runtime->runtime(*)"/>
		<dependency org="commons-net" name="commons-net" rev="1.4.1" force="true" conf="compile->compile(*),master(*);runtime->runtime(*)"/>
		<dependency org="net.sf.kosmosfs" name="kfs" rev="0.3" force="true" conf="compile->compile(*),master(*);runtime->runtime(*)"/>
		<dependency org="hsqldb" name="hsqldb" rev="1.8.0.10" force="true" conf="compile->compile(*),master(*);runtime->runtime(*)"/>
		<dependency org="oro" name="oro" rev="2.0.8" force="true" conf="compile->compile(*),master(*);runtime->runtime(*)"/>
		<dependency org="org.eclipse.jdt" name="core" rev="3.1.1" force="true" conf="compile->compile(*),master(*);runtime->runtime(*)"/>
	</dependencies>
</ivy-module>
