<?xml version="1.0" encoding="UTF-8"?>
<?xml-stylesheet type="text/xsl" href="../../../../xsl/ivy-doc.xsl"?>
<!--
    Copyright 2010 Mark Thomas

    Licensed under the Apache License, Version 2.0 (the "License"); you may
    not use this file except in compliance with the License. You may obtain
    a copy of the License at

        http://www.apache.org/licenses/LICENSE-2.0

    Unless required by applicable law or agreed to in writing, software
    distributed under the License is distributed on an "AS IS" BASIS, WITHOUT
    WARRANTIES OR CONDITIONS OF ANY KIND, either express or implied. See the
    License for the specific language governing permissions and limitations
    under the License.
-->
<!-- GENERATED FILE - DO NOT EDIT -->
<ivy-module xmlns:xsi="http://www.w3.org/2001/XMLSchema-instance" version="2.0" xsi:noNamespaceSchemaLocation="../../../../xsd/ivy.xsd">

    <info organisation="net.sourceforge.ant-doxygen" module="ant-doxygen" revision="1.6.1" status="release" publication="20081230150700">
        <license name="GNU Lesser General Public License, Version 2.1" url="http://www.gnu.org/licenses/lgpl-2.1.html"/>
        <ivyauthor xmlns:ivyde="http://ant.apache.org/ivy/ivyde/ns/" name="$Id: ivy.xml 1272 2010-07-29 18:58:49Z spatialguru.net $" url="http://code.google.com/p/ivyroundup/source/browse/trunk/src/modules/net.sourceforge.ant-doxygen/ant-doxygen/1.6.1/"/>
        <repository xmlns:ivyde="http://ant.apache.org/ivy/ivyde/ns/" pattern="http://ivyroundup.googlecode.com/svn/trunk/repo/modules/[organisation]/[module]/[revision]/ivy.xml" ivys="true" url="http://ivyroundup.googlecode.com/" name="ivyroundup"/>
        <description homepage="http://ant-doxygen.blogspot.com/">
            <p>
                This package contains the Ant task to use doxygen, a document
                generation utility software.
            </p>
            <p>
                Ant was initially designed to be a build maintenance utility -
                but now it has a whole lot of projects that extend its
                features beyond its original intentions. To know more about
                the same - visit Ant Apache home page.
            </p>
            <p>
                Doxygen is a document generation utility that is used to
                generate a variety of documents (html/pdf/hlp/dot - among
                others) from the given set of source files, by parsing the
                structures and comments in the same.To know more about the
                same - visit Doxygen home page.
            </p>
        </description>
    </info>

    <configurations>
        <conf name="default" description="Default configuration"/>
    </configurations>

    <publications>
        <artifact xmlns:ivyde="http://ant.apache.org/ivy/ivyde/ns/" ivyde:source="ant-doxygen"/>
        <artifact type="source" ext="zip"/>
    </publications>

</ivy-module>
