<?xml version="1.0" encoding="UTF-8"?>
<classpath>
	<classpathentry kind="src" path="src"/>
	<classpathentry excluding="joshua/corpus/|joshua/decoder/DecoderThreadTest.java|joshua/decoder/ff/|joshua/decoder/ff/lm/|joshua/lattice/|joshua/util/io/|joshua/zmert/" including="joshua/" kind="src" path="test"/>
	<classpathentry kind="lib" path="lib/asm-3.1.jar"/>
	<classpathentry kind="lib" path="lib/collections-generic-4.01.jar"/>
	<classpathentry kind="lib" path="lib/commons-cli-2.0-SNAPSHOT.jar"/>
	<classpathentry kind="lib" path="lib/jaxen-1.1.1.jar"/>
	<classpathentry kind="lib" path="lib/jung-algorithms-2.0.jar"/>
	<classpathentry kind="lib" path="lib/jung-api-2.0.jar"/>
	<classpathentry kind="lib" path="lib/jung-graph-impl-2.0.jar"/>
	<classpathentry kind="lib" path="lib/jung-visualization-2.0.jar"/>
	<classpathentry kind="lib" path="lib/pmd-4.2.5.jar"/>
	<classpathentry kind="lib" path="lib/berkeleyaligner.jar"/>
	<classpathentry kind="lib" path="lib/berkeleylm.jar"/>
	<classpathentry kind="lib" path="lib/testng-6.7.jar"/>
	<classpathentry kind="lib" path="lib/mockito-all-1.9.5.jar"/>
	<classpathentry kind="lib" path="lib/junit-4.10.jar"/>
	<classpathentry kind="con" path="org.eclipse.jdt.launching.JRE_CONTAINER"/>
	<classpathentry kind="output" path="class"/>
</classpath>
