<?xml version="1.0" encoding="UTF-8"?>
<ivy-module version="2.0" xmlns:m="http://ant.apache.org/ivy/maven">
	<info organisation="com.amazonaws"
		module="aws-java-sdk"
		revision="1.1.3"
		status="release"
		publication="20110118153400"
	>
		<license name="Apache License, Version 2.0" url="http://aws.amazon.com/apache2.0" />
		<description homepage="http://aws.amazon.com/sdkforjava">
		The Amazon Web Services SDK for Java provides Java APIs for building software on AWS’ cost-effective, scalable, and reliable infrastructure products. The AWS Java SDK allows developers to code against APIs for all of Amazon&apos;s infrastructure web services (Amazon S3, Amazon EC2, Amazon SQS, Amazon Relational Database Service, Amazon AutoScaling, etc).
		</description>
		<m:maven.plugins>org.apache.maven.plugins__maven-gpg-plugin__null</m:maven.plugins>
	</info>
	<configurations>
		<conf name="default" visibility="public" description="runtime dependencies and master artifact can be used with this conf" extends="runtime,master"/>
		<conf name="master" visibility="public" description="contains only the artifact published by this module itself, with no transitive dependencies"/>
		<conf name="compile" visibility="public" description="this is the default scope, used if none is specified. Compile dependencies are available in all classpaths."/>
		<conf name="provided" visibility="public" description="this is much like compile, but indicates you expect the JDK or a container to provide it. It is only available on the compilation classpath, and is not transitive."/>
		<conf name="runtime" visibility="public" description="this scope indicates that the dependency is not required for compilation, but is for execution. It is in the runtime and test classpaths, but not the compile classpath." extends="compile"/>
		<conf name="test" visibility="private" description="this scope indicates that the dependency is not required for normal use of the application, and is only available for the test compilation and execution phases." extends="runtime"/>
		<conf name="system" visibility="public" description="this scope is similar to provided except that you have to provide the JAR which contains it explicitly. The artifact is always available and is not looked up in a repository."/>
		<conf name="sources" visibility="public" description="this configuration contains the source artifact of this module, if any."/>
		<conf name="javadoc" visibility="public" description="this configuration contains the javadoc artifact of this module, if any."/>
		<conf name="optional" visibility="public" description="contains all optional dependencies"/>
	</configurations>
	<publications>
		<artifact name="aws-java-sdk" type="jar" ext="jar" conf="master"/>
		<artifact name="aws-java-sdk" type="source" ext="jar" conf="sources" m:classifier="sources"/>
		<artifact name="aws-java-sdk" type="javadoc" ext="jar" conf="javadoc" m:classifier="javadoc"/>
	</publications>
	<dependencies>
		<dependency org="commons-logging" name="commons-logging" rev="[1.1, 2.0)" force="true" conf="compile->compile(*),master(*);runtime->runtime(*)"/>
		<dependency org="commons-httpclient" name="commons-httpclient" rev="[3.0, 4.0)" force="true" conf="compile->compile(*),master(*);runtime->runtime(*)"/>
		<dependency org="commons-codec" name="commons-codec" rev="1.3" force="true" conf="compile->compile(*),master(*);runtime->runtime(*)"/>
		<dependency org="org.codehaus.jackson" name="jackson-core-asl" rev="[1.4,)" force="true" conf="compile->compile(*),master(*);runtime->runtime(*)"/>
		<dependency org="stax" name="stax-api" rev="1.0.1" force="true" conf="compile->compile(*),master(*);runtime->runtime(*)"/>
		<dependency org="stax" name="stax" rev="1.2.0" force="true" conf="optional->compile(*),master(*)"/>
	</dependencies>
</ivy-module>
