<section id="contributors">
<title>Contributors</title>
  
  <contributors>
    <developer>
      <name>Oliver Steele</name>
      <email>steele@osteele.com</email>
      <webpage>http://osteele.com</webpage>
    </developer>

    <contributor>
      <name>Klaus Reis</name>
      <email>reis@cs.cmu.edu</email>
      <organization>CMU</organization> 
    </contributor>

    <contributor>
      <name>Danny Yoo</name>
      <email>dyoo@users.sourceforge.net</email>
    </contributor>

    <contributor>
      <name>Scott James</name>
      <email>ascribbler@earthlink.net</email>
    </contributor>

    <contributor>
      <name>Des Berry</name>
      <email>berry@ais.it</email>
    </contributor>
    
    <contributor>
      <name>Wei-Hao Lin</name>
      <email>whlin@cs.cmu.edu</email>
      <organization>CMU</organization>
    </contributor>

    <contributor>
      <name>Juha Erkkila</name>
      <email>erkkila@cc.jyu.fi</email>
    </contributor>
  </contributors>

</section>